{"Accuracy": {"RF": 0.8969555035128806, "LR": 0.7096018735362998}, "Precision": {"RF": 